Date,Close
2018-01-02,20.200000762939453
2018-01-03,20.149999618530273
2018-01-04,20.0
2018-01-05,20.100000381469727
2018-01-08,20.700000762939453
2018-01-09,21.399999618530273
2018-01-10,22.25
2018-01-11,22.950000762939453
2018-01-12,22.950000762939453
2018-01-16,23.25
2018-01-17,23.25
2018-01-18,23.0
2018-01-19,23.200000762939453
2018-01-22,24.200000762939453
2018-01-23,24.950000762939453
2018-01-24,25.100000381469727
2018-01-25,24.5
2018-01-26,24.700000762939453
2018-01-29,24.5
2018-01-30,24.149999618530273
2018-01-31,23.350000381469727
2018-02-01,23.649999618530273
2018-02-02,23.149999618530273
2018-02-05,21.549999237060547
2018-02-06,21.950000762939453
2018-02-07,22.25
2018-02-08,21.799999237060547
2018-02-09,21.600000381469727
2018-02-12,23.0
2018-02-13,23.049999237060547
2018-02-14,22.700000762939453
2018-02-15,24.450000762939453
2018-02-16,24.049999237060547
2018-02-20,23.700000762939453
2018-02-21,24.0
2018-02-22,24.100000381469727
2018-02-23,23.950000762939453
2018-02-26,24.649999618530273
2018-02-27,24.350000381469727
2018-02-28,24.399999618530273
2018-03-01,24.75
2018-03-02,24.600000381469727
2018-03-05,25.25
2018-03-06,22.850000381469727
2018-03-07,22.299999237060547
2018-03-08,22.0
2018-03-09,21.899999618530273
2018-03-12,22.0
2018-03-13,21.850000381469727
2018-03-14,21.899999618530273
2018-03-15,21.350000381469727
2018-03-16,21.350000381469727
2018-03-19,20.899999618530273
2018-03-20,21.149999618530273
2018-03-21,21.049999237060547
2018-03-22,21.799999237060547
2018-03-23,21.75
2018-03-26,21.75
2018-03-27,21.299999237060547
2018-03-28,21.0
2018-03-29,21.399999618530273
2018-04-02,21.200000762939453
2018-04-03,21.700000762939453
2018-04-04,22.0
2018-04-05,21.549999237060547
2018-04-06,20.899999618530273
2018-04-09,21.299999237060547
2018-04-10,22.049999237060547
2018-04-11,21.450000762939453
2018-04-12,21.399999618530273
2018-04-13,21.350000381469727
2018-04-16,21.700000762939453
2018-04-17,22.25
2018-04-18,22.25
2018-04-19,22.549999237060547
2018-04-20,22.5
2018-04-23,22.25
2018-04-24,21.850000381469727
2018-04-25,22.0
2018-04-26,22.149999618530273
2018-04-27,21.850000381469727
2018-04-30,22.0
2018-05-01,22.399999618530273
2018-05-02,22.5
2018-05-03,22.200000762939453
2018-05-04,21.75
2018-05-07,22.299999237060547
2018-05-08,21.899999618530273
2018-05-09,22.149999618530273
2018-05-10,22.049999237060547
2018-05-11,22.0
2018-05-14,22.549999237060547
2018-05-15,22.149999618530273
2018-05-16,21.899999618530273
2018-05-17,22.100000381469727
2018-05-18,21.75
2018-05-21,21.649999618530273
2018-05-22,21.600000381469727
2018-05-23,21.5
2018-05-24,21.549999237060547
2018-05-25,21.399999618530273
2018-05-29,21.299999237060547
2018-05-30,21.549999237060547
2018-05-31,22.149999618530273
2018-06-01,21.950000762939453
2018-06-04,22.0
2018-06-05,21.850000381469727
2018-06-06,21.600000381469727
2018-06-07,21.899999618530273
2018-06-08,21.700000762939453
2018-06-11,21.649999618530273
2018-06-12,21.25
2018-06-13,20.899999618530273
2018-06-14,20.850000381469727
2018-06-15,20.700000762939453
2018-06-18,20.5
2018-06-19,20.649999618530273
2018-06-20,20.399999618530273
2018-06-21,20.700000762939453
2018-06-22,21.0
2018-06-25,20.850000381469727
2018-06-26,20.75
2018-06-27,20.700000762939453
2018-06-28,20.950000762939453
2018-06-29,20.700000762939453
2018-07-02,21.0
2018-07-03,21.100000381469727
2018-07-05,21.200000762939453
2018-07-06,21.149999618530273
2018-07-09,21.450000762939453
2018-07-10,21.149999618530273
2018-07-11,20.799999237060547
2018-07-12,21.0
2018-07-13,21.450000762939453
2018-07-16,21.600000381469727
2018-07-17,21.200000762939453
2018-07-18,21.350000381469727
2018-07-19,21.149999618530273
2018-07-20,21.549999237060547
2018-07-23,21.5
2018-07-24,21.100000381469727
2018-07-25,21.100000381469727
2018-07-26,20.850000381469727
2018-07-27,20.899999618530273
2018-07-30,20.950000762939453
2018-07-31,21.350000381469727
2018-08-01,20.899999618530273
2018-08-02,21.25
2018-08-03,20.950000762939453
2018-08-06,21.049999237060547
2018-08-07,21.049999237060547
2018-08-08,21.0
2018-08-09,21.0
2018-08-10,21.100000381469727
2018-08-13,21.350000381469727
2018-08-14,21.850000381469727
2018-08-15,20.950000762939453
2018-08-16,20.799999237060547
2018-08-17,20.799999237060547
2018-08-20,20.950000762939453
2018-08-21,21.049999237060547
2018-08-22,21.399999618530273
2018-08-23,21.299999237060547
2018-08-24,21.0
2018-08-27,21.25
2018-08-28,21.549999237060547
2018-08-29,21.799999237060547
2018-08-30,21.649999618530273
2018-08-31,21.299999237060547
2018-09-04,21.25
2018-09-05,21.149999618530273
2018-09-06,21.0
2018-09-07,21.049999237060547
2018-09-10,21.100000381469727
2018-09-11,21.049999237060547
2018-09-12,21.049999237060547
2018-09-13,21.149999618530273
2018-09-14,21.549999237060547
2018-09-17,21.600000381469727
2018-09-18,22.299999237060547
2018-09-19,23.0
2018-09-20,22.950000762939453
2018-09-21,23.299999237060547
2018-09-24,23.049999237060547
2018-09-25,23.0
2018-09-26,23.100000381469727
2018-09-27,23.299999237060547
2018-09-28,23.200000762939453
2018-10-01,22.729999542236328
2018-10-02,22.350000381469727
2018-10-03,22.440000534057617
2018-10-04,21.969999313354492
2018-10-05,21.709999084472656
2018-10-08,21.649999618530273
2018-10-09,21.860000610351562
2018-10-10,20.93000030517578
2018-10-11,20.690000534057617
2018-10-12,20.719999313354492
2018-10-15,20.649999618530273
2018-10-16,20.829999923706055
2018-10-17,20.950000762939453
2018-10-18,20.780000686645508
2018-10-19,20.40999984741211
2018-10-22,20.100000381469727
2018-10-23,19.84000015258789
2018-10-24,19.3799991607666
2018-10-25,19.649999618530273
2018-10-26,19.510000228881836
2018-10-29,19.010000228881836
2018-10-30,19.40999984741211
2018-10-31,19.610000610351562
2018-11-01,20.56999969482422
2018-11-02,21.030000686645508
2018-11-05,21.149999618530273
2018-11-06,21.6200008392334
2018-11-07,21.729999542236328
2018-11-08,21.850000381469727
2018-11-09,22.1299991607666
2018-11-12,21.729999542236328
2018-11-13,22.270000457763672
2018-11-14,22.139999389648438
2018-11-15,22.0
2018-11-16,22.389999389648438
2018-11-19,22.200000762939453
2018-11-20,21.700000762939453
2018-11-21,22.25
2018-11-23,22.1200008392334
2018-11-26,22.84000015258789
2018-11-27,22.579999923706055
2018-11-28,23.010000228881836
2018-11-29,22.780000686645508
2018-11-30,22.440000534057617
2018-12-03,23.049999237060547
2018-12-04,22.06999969482422
2018-12-06,22.209999084472656
2018-12-07,21.459999084472656
2018-12-10,21.719999313354492
2018-12-11,21.75
2018-12-12,22.0
2018-12-13,22.170000076293945
2018-12-14,21.65999984741211
2018-12-17,21.040000915527344
2018-12-18,20.459999084472656
2018-12-19,19.18000030517578
2018-12-20,17.540000915527344
2018-12-21,17.079999923706055
2018-12-24,16.8700008392334
2018-12-26,17.229999542236328
2018-12-27,17.75
2018-12-28,17.950000762939453
2018-12-31,17.780000686645508
2019-01-02,17.5
2019-01-03,17.100000381469727
2019-01-04,18.040000915527344
2019-01-07,18.5
2019-01-08,18.950000762939453
2019-01-09,18.780000686645508
2019-01-10,18.84000015258789
2019-01-11,19.299999237060547
2019-01-14,19.649999618530273
2019-01-15,19.90999984741211
2019-01-16,19.809999465942383
2019-01-17,19.799999237060547
2019-01-18,20.049999237060547
2019-01-22,20.209999084472656
2019-01-23,20.579999923706055
2019-01-24,20.649999618530273
2019-01-25,20.969999313354492
2019-01-28,21.049999237060547
2019-01-29,20.850000381469727
2019-01-30,20.780000686645508
2019-01-31,20.860000610351562
2019-02-01,20.799999237060547
2019-02-04,21.65999984741211
2019-02-05,22.0
2019-02-06,22.219999313354492
2019-02-07,21.59000015258789
2019-02-08,21.610000610351562
2019-02-11,21.280000686645508
2019-02-12,21.6299991607666
2019-02-13,21.75
2019-02-14,22.399999618530273
2019-02-15,23.229999542236328
2019-02-19,23.649999618530273
2019-02-20,23.399999618530273
2019-02-21,23.31999969482422
2019-02-22,23.790000915527344
2019-02-25,23.809999465942383
2019-02-26,23.6299991607666
2019-02-27,23.600000381469727
2019-02-28,23.6200008392334
2019-03-01,23.399999618530273
2019-03-04,23.139999389648438
2019-03-05,22.8700008392334
2019-03-06,22.709999084472656
2019-03-07,22.450000762939453
2019-03-08,22.850000381469727
2019-03-11,23.649999618530273
2019-03-12,23.709999084472656
2019-03-13,24.170000076293945
2019-03-14,23.860000610351562
2019-03-15,23.899999618530273
2019-03-18,23.90999984741211
2019-03-19,23.799999237060547
2019-03-20,23.739999771118164
2019-03-21,23.760000228881836
2019-03-22,23.1200008392334
2019-03-25,23.149999618530273
2019-03-26,23.3799991607666
2019-03-27,23.139999389648438
2019-03-28,23.290000915527344
2019-03-29,23.209999084472656
2019-04-01,23.6299991607666
2019-04-02,23.700000762939453
2019-04-03,23.6299991607666
2019-04-04,23.6299991607666
2019-04-05,23.709999084472656
2019-04-08,23.799999237060547
2019-04-09,23.6200008392334
2019-04-10,23.670000076293945
2019-04-11,23.6299991607666
2019-04-12,23.760000228881836
2019-04-15,23.81999969482422
2019-04-16,23.8700008392334
2019-04-17,23.860000610351562
2019-04-18,24.469999313354492
2019-04-22,24.1299991607666
2019-04-23,24.190000534057617
2019-04-24,24.290000915527344
2019-04-25,24.299999237060547
2019-04-26,24.18000030517578
2019-04-29,24.420000076293945
2019-04-30,24.450000762939453
2019-05-01,24.700000762939453
2019-05-02,24.479999542236328
2019-05-03,25.0
2019-05-06,25.209999084472656
2019-05-07,25.209999084472656
2019-05-08,25.219999313354492
2019-05-09,25.43000030517578
2019-05-10,25.799999237060547
2019-05-13,25.31999969482422
2019-05-14,25.450000762939453
2019-05-15,25.81999969482422
2019-05-16,26.0
2019-05-17,25.920000076293945
2019-05-20,25.979999542236328
2019-05-21,26.270000457763672
2019-05-22,26.31999969482422
2019-05-23,26.299999237060547
2019-05-24,26.549999237060547
2019-05-28,26.68000030517578
2019-05-29,26.450000762939453
2019-05-30,26.469999313354492
2019-05-31,25.690000534057617
2019-06-03,26.200000762939453
2019-06-04,26.34000015258789
2019-06-05,26.579999923706055
2019-06-06,25.719999313354492
2019-06-07,25.799999237060547
2019-06-10,25.950000762939453
2019-06-11,25.889999389648438
2019-06-12,25.850000381469727
2019-06-13,26.739999771118164
2019-06-14,27.030000686645508
2019-06-17,27.459999084472656
2019-06-18,27.290000915527344
2019-06-19,27.950000762939453
2019-06-20,27.579999923706055
2019-06-21,27.329999923706055
2019-06-24,27.049999237060547
2019-06-25,25.809999465942383
2019-06-26,25.969999313354492
2019-06-27,26.079999923706055
2019-06-28,26.170000076293945
2019-07-01,26.81999969482422
2019-07-02,26.950000762939453
2019-07-03,27.280000686645508
2019-07-05,27.1200008392334
2019-07-08,27.040000915527344
2019-07-09,27.450000762939453
2019-07-10,27.979999542236328
2019-07-11,27.979999542236328
2019-07-12,28.56999969482422
2019-07-15,28.25
2019-07-16,28.309999465942383
2019-07-17,28.139999389648438
2019-07-18,28.43000030517578
2019-07-19,28.1299991607666
2019-07-22,28.25
2019-07-23,28.40999984741211
2019-07-24,29.040000915527344
2019-07-25,29.06999969482422
2019-07-26,29.329999923706055
2019-07-29,29.1299991607666
2019-07-30,29.489999771118164
2019-07-31,29.25
2019-08-01,28.65999984741211
2019-08-02,28.719999313354492
2019-08-05,26.68000030517578
2019-08-06,27.549999237060547
2019-08-07,27.610000610351562
2019-08-08,28.209999084472656
2019-08-09,28.200000762939453
2019-08-12,27.600000381469727
2019-08-13,28.059999465942383
2019-08-14,27.209999084472656
2019-08-15,27.100000381469727
2019-08-16,28.329999923706055
2019-08-19,29.06999969482422
2019-08-20,28.690000534057617
2019-08-21,28.90999984741211
2019-08-22,28.8799991607666
2019-08-23,27.93000030517578
2019-08-26,27.690000534057617
2019-08-27,27.809999465942383
2019-08-28,28.299999237060547
2019-08-29,29.25
2019-08-30,29.100000381469727
2019-09-03,28.3700008392334
2019-09-04,29.299999237060547
2019-09-05,29.829999923706055
2019-09-06,29.90999984741211
2019-09-09,30.010000228881836
2019-09-10,29.1299991607666
2019-09-11,29.829999923706055
2019-09-12,30.399999618530273
2019-09-13,30.100000381469727
2019-09-16,30.450000762939453
2019-09-17,30.700000762939453
2019-09-18,30.850000381469727
2019-09-19,29.40999984741211
2019-09-20,29.360000610351562
2019-09-23,29.639999389648438
2019-09-24,28.65999984741211
2019-09-25,29.799999237060547
2019-09-26,29.75
2019-09-27,27.75
2019-09-30,26.809999465942383
2019-10-01,26.40999984741211
2019-10-02,26.229999542236328
2019-10-03,26.469999313354492
2019-10-04,26.420000076293945
2019-10-07,26.059999465942383
2019-10-08,25.93000030517578
2019-10-09,26.200000762939453
2019-10-10,26.06999969482422
2019-10-11,26.649999618530273
2019-10-14,26.309999465942383
2019-10-15,26.739999771118164
2019-10-16,26.3799991607666
2019-10-17,27.170000076293945
2019-10-18,27.850000381469727
2019-10-21,28.260000228881836
2019-10-22,27.959999084472656
2019-10-23,28.770000457763672
2019-10-24,28.190000534057617
2019-10-25,28.25
2019-10-28,29.299999237060547
2019-10-29,29.670000076293945
2019-10-30,29.729999542236328
2019-10-31,29.56999969482422
2019-11-01,31.3700008392334
2019-11-04,32.72999954223633
2019-11-05,31.770000457763672
2019-11-06,32.0
2019-11-07,32.150001525878906
2019-11-08,31.59000015258789
2019-11-11,31.860000610351562
2019-11-12,31.59000015258789
2019-11-13,31.889999389648438
2019-11-14,31.709999084472656
2019-11-15,31.56999969482422
2019-11-18,32.33000183105469
2019-11-19,32.86000061035156
2019-11-20,33.150001525878906
2019-11-21,32.18000030517578
2019-11-22,32.130001068115234
2019-11-25,32.75
2019-11-26,33.279998779296875
2019-11-27,33.04999923706055
2019-11-29,33.09000015258789
2019-12-02,32.540000915527344
2019-12-03,32.66999816894531
2019-12-04,32.650001525878906
2019-12-05,33.150001525878906
2019-12-06,32.869998931884766
2019-12-09,32.88999938964844
2019-12-10,33.650001525878906
2019-12-11,33.599998474121094
2019-12-12,33.470001220703125
2019-12-13,34.150001525878906
2019-12-16,33.689998626708984
2019-12-17,33.810001373291016
2019-12-18,33.939998626708984
2019-12-19,34.439998626708984
2019-12-20,34.36000061035156
2019-12-23,34.790000915527344
2019-12-24,34.75
2019-12-26,34.790000915527344
2019-12-27,34.83000183105469
2019-12-30,35.7400016784668
2019-12-31,35.689998626708984
2020-01-02,35.540000915527344
2020-01-03,35.2400016784668
2020-01-06,35.59000015258789
2020-01-07,35.439998626708984
2020-01-08,36.11000061035156
2020-01-09,36.41999816894531
2020-01-10,36.209999084472656
2020-01-13,36.31999969482422
2020-01-14,36.0
2020-01-15,35.81999969482422
2020-01-16,36.83000183105469
2020-01-17,37.279998779296875
2020-01-21,36.91999816894531
2020-01-22,37.56999969482422
2020-01-23,37.900001525878906
2020-01-24,37.099998474121094
2020-01-27,35.97999954223633
2020-01-28,36.540000915527344
2020-01-29,37.0099983215332
2020-01-30,36.54999923706055
2020-01-31,36.060001373291016
2020-02-03,37.310001373291016
2020-02-04,38.11000061035156
2020-02-05,38.529998779296875
2020-02-06,38.939998626708984
2020-02-07,38.45000076293945
2020-02-10,39.25
2020-02-11,40.2599983215332
2020-02-12,40.630001068115234
2020-02-13,41.099998474121094
2020-02-14,40.0099983215332
2020-02-18,40.099998474121094
2020-02-19,41.119998931884766
2020-02-20,40.38999938964844
2020-02-21,39.95000076293945
2020-02-24,39.0
2020-02-25,37.2400016784668
2020-02-26,36.790000915527344
2020-02-27,35.40999984741211
2020-02-28,34.59000015258789
2020-03-02,36.5
2020-03-03,35.540000915527344
2020-03-04,36.86000061035156
2020-03-05,35.619998931884766
2020-03-06,33.75
2020-03-09,30.760000228881836
2020-03-10,32.720001220703125
2020-03-11,30.260000228881836
2020-03-12,28.0
2020-03-13,32.040000915527344
2020-03-16,27.40999984741211
2020-03-17,30.3700008392334
2020-03-18,26.899999618530273
2020-03-19,25.600000381469727
2020-03-20,22.90999984741211
2020-03-23,22.709999084472656
2020-03-24,26.889999389648438
2020-03-25,29.059999465942383
2020-03-26,30.440000534057617
2020-03-27,29.709999084472656
2020-03-30,31.3700008392334
2020-03-31,30.93000030517578
2020-04-01,29.93000030517578
2020-04-02,30.139999389648438
2020-04-03,28.84000015258789
2020-04-06,30.799999237060547
2020-04-07,32.11000061035156
2020-04-08,32.41999816894531
2020-04-09,35.150001525878906
2020-04-13,33.400001525878906
2020-04-14,32.380001068115234
2020-04-15,30.790000915527344
2020-04-16,31.93000030517578
2020-04-17,33.20000076293945
2020-04-20,31.56999969482422
2020-04-21,29.940000534057617
2020-04-22,31.020000457763672
2020-04-23,32.560001373291016
2020-04-24,33.689998626708984
2020-04-27,34.97999954223633
2020-04-28,34.93000030517578
2020-04-29,35.09000015258789
2020-04-30,33.54999923706055
2020-05-01,32.66999816894531
2020-05-04,32.040000915527344
2020-05-05,32.5
2020-05-06,35.0
2020-05-07,35.0099983215332
2020-05-08,34.380001068115234
2020-05-11,34.869998931884766
2020-05-12,33.93000030517578
2020-05-13,33.59000015258789
2020-05-14,33.040000915527344
2020-05-15,33.630001068115234
2020-05-18,34.66999816894531
2020-05-19,34.20000076293945
2020-05-20,34.970001220703125
2020-05-21,34.91999816894531
2020-05-22,35.060001373291016
2020-05-26,36.66999816894531
2020-05-27,37.13999938964844
2020-05-28,36.349998474121094
2020-05-29,37.7599983215332
2020-06-01,37.439998626708984
2020-06-02,38.099998474121094
2020-06-03,39.0
2020-06-04,39.5
2020-06-05,39.65999984741211
2020-06-08,40.5
2020-06-09,39.599998474121094
2020-06-10,38.75
2020-06-11,37.33000183105469
2020-06-12,38.279998779296875
2020-06-15,38.130001068115234
2020-06-16,39.189998626708984
2020-06-17,39.0099983215332
2020-06-18,39.29999923706055
2020-06-19,39.02000045776367
2020-06-22,40.11000061035156
2020-06-23,38.83000183105469
2020-06-24,38.119998931884766
2020-06-25,38.970001220703125
2020-06-26,38.7400016784668
2020-06-29,37.77000045776367
2020-06-30,39.70000076293945
2020-07-01,39.529998779296875
2020-07-02,39.36000061035156
2020-07-06,39.36000061035156
2020-07-07,37.900001525878906
2020-07-08,38.779998779296875
2020-07-09,38.77000045776367
2020-07-10,39.40999984741211
2020-07-13,39.04999923706055
2020-07-14,39.72999954223633
2020-07-15,40.400001525878906
2020-07-16,40.33000183105469
2020-07-17,40.59000015258789
2020-07-20,40.84000015258789
2020-07-21,40.970001220703125
2020-07-22,40.779998779296875
2020-07-23,40.4900016784668
2020-07-24,39.040000915527344
2020-07-27,39.4900016784668
2020-07-28,39.52000045776367
2020-07-29,40.459999084472656
2020-07-30,39.83000183105469
2020-07-31,39.939998626708984
2020-08-03,40.7400016784668
2020-08-04,40.40999984741211
2020-08-05,40.560001373291016
2020-08-06,40.27000045776367
2020-08-07,40.810001373291016
2020-08-10,42.06999969482422
2020-08-11,40.369998931884766
2020-08-12,40.029998779296875
2020-08-13,40.150001525878906
2020-08-14,40.0099983215332
2020-08-17,40.380001068115234
2020-08-18,39.77000045776367
2020-08-19,39.9900016784668
2020-08-20,39.84000015258789
2020-08-21,39.75
2020-08-24,39.41999816894531
2020-08-25,39.27000045776367
2020-08-26,40.13999938964844
2020-08-27,40.779998779296875
2020-08-28,40.310001373291016
2020-08-31,40.45000076293945
2020-09-01,40.470001220703125
2020-09-02,40.959999084472656
2020-09-03,39.40999984741211
2020-09-04,39.59000015258789
2020-09-08,38.47999954223633
2020-09-09,39.36000061035156
2020-09-10,39.38999938964844
2020-09-11,39.81999969482422
2020-09-14,40.470001220703125
2020-09-15,40.16999816894531
2020-09-16,40.47999954223633
2020-09-17,39.470001220703125
2020-09-18,39.83000183105469
2020-09-21,38.93000030517578
2020-09-22,39.5099983215332
2020-09-23,39.31999969482422
2020-09-24,38.7599983215332
2020-09-25,39.83000183105469
2020-09-28,40.5099983215332
2020-09-29,40.20000076293945
2020-09-30,40.41999816894531
2020-10-01,40.529998779296875
2020-10-02,41.0
2020-10-05,42.25
2020-10-06,42.08000183105469
2020-10-07,42.060001373291016
2020-10-08,42.970001220703125
2020-10-09,43.150001525878906
2020-10-12,43.27000045776367
2020-10-13,44.099998474121094
2020-10-14,43.86000061035156
2020-10-15,44.16999816894531
2020-10-16,44.66999816894531
2020-10-19,44.400001525878906
2020-10-20,44.41999816894531
2020-10-21,43.83000183105469
2020-10-22,44.380001068115234
2020-10-23,44.83000183105469
2020-10-26,43.38999938964844
2020-10-27,42.95000076293945
2020-10-28,42.060001373291016
2020-10-29,42.150001525878906
2020-10-30,42.29999923706055
2020-11-02,42.099998474121094
2020-11-03,41.61000061035156
2020-11-04,43.400001525878906
2020-11-05,44.52000045776367
2020-11-06,44.689998626708984
2020-11-09,44.29999923706055
2020-11-10,44.56999969482422
2020-11-11,44.599998474121094
2020-11-12,43.7599983215332
2020-11-13,44.25
2020-11-16,44.58000183105469
2020-11-17,44.970001220703125
2020-11-18,44.779998779296875
2020-11-19,45.0099983215332
2020-11-20,44.959999084472656
2020-11-23,44.75
2020-11-24,44.65999984741211
2020-11-25,45.040000915527344
2020-11-27,45.189998626708984
2020-11-30,45.04999923706055
2020-12-01,45.869998931884766
2020-12-02,45.869998931884766
2020-12-03,46.47999954223633
2020-12-04,46.9900016784668
2020-12-07,47.5099983215332
2020-12-08,48.290000915527344
2020-12-09,48.369998931884766
2020-12-10,48.459999084472656
2020-12-11,48.61000061035156
2020-12-14,48.4900016784668
2020-12-15,49.2400016784668
2020-12-16,49.0099983215332
2020-12-17,49.15999984741211
2020-12-18,49.400001525878906
2020-12-21,49.5099983215332
2020-12-22,49.220001220703125
2020-12-23,49.130001068115234
2020-12-24,49.060001373291016
2020-12-28,48.540000915527344
2020-12-29,47.7400016784668
2020-12-30,47.689998626708984
2020-12-31,47.04999923706055
2021-01-04,46.68000030517578
2021-01-05,46.150001525878906
2021-01-06,46.619998931884766
2021-01-07,47.400001525878906
2021-01-08,47.5099983215332
2021-01-11,46.7400016784668
2021-01-12,46.529998779296875
2021-01-13,46.2599983215332
2021-01-14,45.779998779296875
2021-01-15,45.13999938964844
2021-01-19,45.66999816894531
2021-01-20,46.41999816894531
2021-01-21,45.7599983215332
2021-01-22,45.279998779296875
2021-01-25,45.18000030517578
2021-01-26,45.959999084472656
2021-01-27,44.540000915527344
2021-01-28,46.13999938964844
2021-01-29,45.15999984741211
2021-02-01,46.41999816894531
2021-02-02,48.66999816894531
2021-02-03,47.75
2021-02-04,48.75
2021-02-05,48.66999816894531
2021-02-08,49.11000061035156
2021-02-09,49.36000061035156
2021-02-10,50.630001068115234
2021-02-11,50.59000015258789
2021-02-12,51.439998626708984
2021-02-16,52.709999084472656
2021-02-17,53.099998474121094
2021-02-18,52.02000045776367
2021-02-19,51.4900016784668
2021-02-22,50.29999923706055
2021-02-23,50.709999084472656
2021-02-24,52.189998626708984
2021-02-25,51.63999938964844
2021-02-26,51.97999954223633
2021-03-01,52.4900016784668
2021-03-02,52.0
2021-03-03,51.369998931884766
2021-03-04,50.41999816894531
2021-03-05,51.15999984741211
2021-03-08,52.4900016784668
2021-03-09,53.77000045776367
2021-03-10,53.68000030517578
2021-03-11,54.79999923706055
2021-03-12,55.2400016784668
2021-03-15,55.38999938964844
2021-03-16,54.68000030517578
2021-03-17,55.380001068115234
2021-03-18,54.599998474121094
2021-03-19,54.20000076293945
2021-03-22,54.9900016784668
2021-03-23,54.40999984741211
2021-03-24,54.7400016784668
2021-03-25,53.970001220703125
2021-03-26,53.900001525878906
2021-03-29,52.880001068115234
2021-03-30,53.130001068115234
2021-03-31,56.029998779296875
2021-04-01,57.68000030517578
2021-04-05,59.130001068115234
2021-04-06,54.84000015258789
2021-04-07,55.650001525878906
2021-04-08,55.34000015258789
2021-04-09,55.130001068115234
2021-04-12,55.11000061035156
2021-04-13,55.86000061035156
2021-04-14,56.220001220703125
2021-04-15,55.86000061035156
2021-04-16,55.88999938964844
2021-04-19,56.0099983215332
2021-04-20,54.470001220703125
2021-04-21,55.06999969482422
2021-04-22,54.86000061035156
2021-04-23,55.369998931884766
2021-04-26,54.9900016784668
2021-04-27,55.91999816894531
2021-04-28,56.130001068115234
2021-04-29,54.27000045776367
2021-04-30,52.52000045776367
2021-05-03,52.11000061035156
2021-05-04,51.47999954223633
2021-05-05,52.5099983215332
2021-05-06,53.709999084472656
2021-05-07,53.65999984741211
2021-05-10,53.29999923706055
2021-05-11,52.459999084472656
2021-05-12,51.040000915527344
2021-05-13,51.130001068115234
2021-05-14,52.40999984741211
2021-05-17,51.90999984741211
2021-05-18,51.65999984741211
2021-05-19,51.189998626708984
2021-05-20,52.0099983215332
2021-05-21,55.0
2021-05-24,54.2599983215332
2021-05-25,54.439998626708984
2021-05-26,54.599998474121094
2021-05-27,54.97999954223633
2021-05-28,55.18000030517578
2021-06-01,55.290000915527344
2021-06-02,55.56999969482422
2021-06-03,56.189998626708984
2021-06-04,56.56999969482422
2021-06-07,57.619998931884766
2021-06-08,59.119998931884766
2021-06-09,58.790000915527344
2021-06-10,58.529998779296875
2021-06-11,59.290000915527344
2021-06-14,58.63999938964844
2021-06-15,58.0
2021-06-16,58.400001525878906
2021-06-17,58.0
2021-06-18,57.189998626708984
2021-06-21,58.130001068115234
2021-06-22,58.84000015258789
2021-06-23,59.20000076293945
2021-06-24,60.54999923706055
2021-06-25,62.709999084472656
2021-06-28,63.66999816894531
2021-06-29,63.08000183105469
2021-06-30,63.59000015258789
2021-07-01,63.900001525878906
2021-07-02,64.98999786376953
2021-07-06,65.01000213623047
2021-07-07,64.81999969482422
2021-07-08,63.959999084472656
2021-07-09,64.66999816894531
2021-07-12,64.86000061035156
2021-07-13,63.95000076293945
2021-07-14,63.45000076293945
2021-07-15,62.95000076293945
2021-07-16,62.16999816894531
2021-07-19,61.459999084472656
2021-07-20,63.209999084472656
2021-07-21,64.13999938964844
2021-07-22,65.0999984741211
2021-07-23,66.51000213623047
2021-07-26,66.9800033569336
2021-07-27,67.5
2021-07-28,68.69000244140625
2021-07-29,70.51000213623047
2021-07-30,71.61000061035156
2021-08-02,70.88999938964844
2021-08-03,72.77999877929688
2021-08-04,72.66000366210938
2021-08-05,73.62000274658203
2021-08-06,73.80999755859375
2021-08-09,72.83000183105469
2021-08-10,72.04000091552734
2021-08-11,71.02999877929688
2021-08-12,71.91000366210938
2021-08-13,74.48999786376953
2021-08-16,74.38999938964844
2021-08-17,72.36000061035156
2021-08-18,71.72000122070312
2021-08-19,71.01000213623047
2021-08-20,71.16000366210938
2021-08-23,72.52999877929688
2021-08-24,73.08999633789062
2021-08-25,73.41000366210938
2021-08-26,74.3499984741211
2021-08-27,75.11000061035156
2021-08-30,76.12999725341797
2021-08-31,77.18000030517578
2021-09-01,77.66000366210938
2021-09-02,78.81999969482422
2021-09-03,79.33000183105469
2021-09-07,79.30000305175781
2021-09-08,79.98999786376953
2021-09-09,79.75
2021-09-10,78.93000030517578
2021-09-13,78.72000122070312
2021-09-14,78.22000122070312
2021-09-15,79.37999725341797
2021-09-16,79.9800033569336
2021-09-17,78.69999694824219
2021-09-20,76.51000213623047
2021-09-21,76.38999938964844
2021-09-22,76.54000091552734
2021-09-23,77.66999816894531
2021-09-24,77.27999877929688
2021-09-27,75.55999755859375
2021-09-28,73.18000030517578
2021-09-29,73.7300033569336
2021-09-30,73.83000183105469
2021-10-01,74.43000030517578
2021-10-04,73.25
2021-10-05,74.69000244140625
2021-10-06,75.76000213623047
2021-10-07,77.2300033569336
2021-10-08,77.7300033569336
2021-10-11,76.48999786376953
2021-10-12,76.62000274658203
2021-10-13,77.33999633789062
2021-10-14,78.80000305175781
2021-10-15,76.7300033569336
2021-10-18,76.55000305175781
2021-10-19,78.55999755859375
2021-10-20,79.66999816894531
2021-10-21,81.0199966430664
2021-10-22,81.66999816894531
2021-10-25,83.58999633789062
2021-10-26,84.5
2021-10-27,82.81999969482422
2021-10-28,86.2300033569336
2021-10-29,84.73999786376953
2021-11-01,83.98999786376953
2021-11-02,84.80000305175781
2021-11-03,86.61000061035156
2021-11-04,86.30999755859375
2021-11-05,85.66000366210938
2021-11-08,86.11000061035156
2021-11-09,87.47000122070312
2021-11-10,86.94999694824219
2021-11-11,86.02999877929688
2021-11-12,86.52999877929688
2021-11-15,86.4800033569336
2021-11-16,87.20999908447266
2021-11-17,88.83999633789062
2021-11-18,88.83000183105469
2021-11-19,88.30000305175781
2021-11-22,87.5
2021-11-23,85.58000183105469
2021-11-24,84.36000061035156
2021-11-26,82.16999816894531
2021-11-29,82.2300033569336
2021-11-30,81.16000366210938
2021-12-01,81.05000305175781
2021-12-02,83.22000122070312
2021-12-03,79.88999938964844
2021-12-06,80.69000244140625
2021-12-07,80.5999984741211
2021-12-08,80.25
2021-12-09,79.94999694824219
2021-12-10,78.69000244140625
2021-12-13,77.70999908447266
2021-12-14,76.66999816894531
2021-12-15,77.72000122070312
2021-12-16,75.3499984741211
2021-12-17,76.69000244140625
2021-12-20,73.61000061035156
2021-12-21,76.94000244140625
2021-12-22,79.0
2021-12-23,81.36000061035156
2021-12-27,82.80000305175781
2021-12-28,82.04000091552734
2021-12-29,80.91999816894531
2021-12-30,81.05000305175781
2021-12-31,81.2699966430664
2022-01-03,79.19000244140625
2022-01-04,78.98999786376953
2022-01-05,74.0999984741211
2022-01-06,73.94000244140625
2022-01-07,75.0
2022-01-10,74.69000244140625
2022-01-11,78.48999786376953
2022-01-12,78.05000305175781
2022-01-13,76.56999969482422
2022-01-14,77.12000274658203
2022-01-18,75.86000061035156
2022-01-19,74.80999755859375
2022-01-20,74.12000274658203
2022-01-21,72.75
2022-01-24,72.63999938964844
2022-01-25,71.98999786376953
2022-01-26,71.81999969482422
2022-01-27,72.95999908447266
2022-01-28,74.16000366210938
2022-01-31,79.72000122070312
2022-02-01,77.61000061035156
2022-02-02,80.70999908447266
2022-02-03,78.2699966430664
2022-02-04,79.38999938964844
2022-02-07,78.9000015258789
2022-02-08,78.44000244140625
2022-02-09,81.2699966430664
2022-02-10,80.45999908447266
2022-02-11,79.9000015258789
2022-02-14,78.63999938964844
2022-02-15,80.81999969482422
2022-02-16,82.41000366210938
2022-02-17,79.01000213623047
2022-02-18,76.94999694824219
2022-02-22,75.5199966430664
2022-02-23,73.38999938964844
2022-02-24,75.52999877929688
2022-02-25,79.72000122070312
2022-02-28,81.08999633789062
2022-03-01,79.18000030517578
2022-03-02,82.20999908447266
2022-03-03,77.41999816894531
2022-03-04,74.66000366210938
2022-03-07,67.93000030517578
2022-03-08,66.37000274658203
2022-03-09,70.94000244140625
2022-03-10,71.37000274658203
2022-03-11,71.25
2022-03-14,69.95999908447266
2022-03-15,71.26000213623047
2022-03-16,75.45999908447266
2022-03-17,77.05999755859375
2022-03-18,80.5999984741211
2022-03-21,78.43000030517578
2022-03-22,80.29000091552734
2022-03-23,78.66999816894531
2022-03-24,79.13999938964844
2022-03-25,79.08999633789062
2022-03-28,79.62999725341797
2022-03-29,82.70999908447266
2022-03-30,81.69000244140625
2022-03-31,81.2300033569336
2022-04-01,83.04000091552734
2022-04-04,84.37999725341797
2022-04-05,81.37999725341797
2022-04-06,79.44999694824219
2022-04-07,80.0
2022-04-08,80.37000274658203
2022-04-11,77.05000305175781
2022-04-12,76.0
2022-04-13,78.6500015258789
2022-04-14,77.30000305175781
2022-04-18,76.66999816894531
2022-04-19,80.20999908447266
2022-04-20,82.01000213623047
2022-04-21,77.61000061035156
2022-04-22,75.62000274658203
2022-04-25,76.54000091552734
2022-04-26,71.69000244140625
2022-04-27,70.27999877929688
2022-04-28,71.0
2022-04-29,66.22000122070312
2022-05-02,67.62000274658203
2022-05-03,69.30000305175781
2022-05-04,72.0
2022-05-05,69.20999908447266
2022-05-06,67.88999938964844
2022-05-09,63.290000915527344
2022-05-10,64.44999694824219
2022-05-11,63.029998779296875
2022-05-12,63.849998474121094
2022-05-13,68.52999877929688
2022-05-16,67.26000213623047
2022-05-17,69.79000091552734
2022-05-18,66.79000091552734
2022-05-19,66.68000030517578
2022-05-20,66.76000213623047
2022-05-23,68.19000244140625
2022-05-24,66.4000015258789
2022-05-25,67.77999877929688
2022-05-26,70.45999908447266
2022-05-27,72.70999908447266
2022-05-31,71.16999816894531
2022-06-01,69.83999633789062
2022-06-02,72.4000015258789
2022-06-03,73.31999969482422
2022-06-06,73.37000274658203
2022-06-07,73.18000030517578
2022-06-08,72.51000213623047
2022-06-09,70.47000122070312
2022-06-10,65.75
2022-06-13,58.88999938964844
2022-06-14,59.09000015258789
2022-06-15,58.65999984741211
2022-06-16,53.709999084472656
2022-06-17,54.52000045776367
2022-06-21,56.08000183105469
2022-06-22,56.36000061035156
2022-06-23,57.619998931884766
2022-06-24,59.93000030517578
2022-06-27,60.41999816894531
2022-06-28,58.900001525878906
2022-06-29,57.43000030517578
2022-06-30,56.86000061035156
2022-07-01,58.54999923706055
2022-07-05,60.029998779296875
2022-07-06,59.380001068115234
2022-07-07,61.20000076293945
2022-07-08,60.849998474121094
2022-07-11,59.75
2022-07-12,60.34000015258789
2022-07-13,59.209999084472656
2022-07-14,58.61000061035156
2022-07-15,60.689998626708984
2022-07-18,60.52000045776367
2022-07-19,62.66999816894531
2022-07-20,64.2300033569336
2022-07-21,65.55000305175781
2022-07-22,65.13999938964844
2022-07-25,65.2300033569336
2022-07-26,64.0999984741211
2022-07-27,66.0199966430664
2022-07-28,71.27999877929688
2022-07-29,71.6500015258789
2022-08-01,72.7699966430664
2022-08-02,72.63999938964844
2022-08-03,73.58000183105469
2022-08-04,73.94000244140625
2022-08-05,73.33000183105469
2022-08-08,73.33000183105469
2022-08-09,72.0999984741211
2022-08-10,74.63999938964844
2022-08-11,74.94000244140625
2022-08-12,75.12000274658203
2022-08-15,75.4800033569336
2022-08-16,75.58000183105469
2022-08-17,76.48999786376953
2022-08-18,77.54000091552734
2022-08-19,74.87999725341797
2022-08-22,73.83999633789062
2022-08-23,75.51000213623047
2022-08-24,75.73999786376953
2022-08-25,78.12999725341797
2022-08-26,75.06999969482422
2022-08-29,73.33000183105469
2022-08-30,73.52999877929688
2022-08-31,74.13999938964844
2022-09-01,73.12000274658203
2022-09-02,72.75
2022-09-06,73.08000183105469
2022-09-07,75.2300033569336
2022-09-08,77.58000183105469
2022-09-09,78.73999786376953
2022-09-12,78.81999969482422
2022-09-13,76.11000061035156
2022-09-14,76.80000305175781
2022-09-15,76.20999908447266
2022-09-16,74.66000366210938
2022-09-19,75.95999908447266
2022-09-20,73.72000122070312
2022-09-21,71.16999816894531
2022-09-22,67.18000030517578
2022-09-23,65.22000122070312
2022-09-26,63.7400016784668
2022-09-27,64.08000183105469
2022-09-28,65.2300033569336
2022-09-29,62.45000076293945
2022-09-30,61.95000076293945
2022-10-03,64.0199966430664
2022-10-04,68.66999816894531
2022-10-05,68.19999694824219
2022-10-06,67.22000122070312
2022-10-07,65.19000244140625
2022-10-10,63.77000045776367
2022-10-11,61.459999084472656
2022-10-12,61.66999816894531
2022-10-13,62.84000015258789
2022-10-14,61.08000183105469
2022-10-17,64.44000244140625
2022-10-18,66.91999816894531
2022-10-19,65.8499984741211
2022-10-20,66.3499984741211
2022-10-21,68.37000274658203
2022-10-24,68.93000030517578
2022-10-25,71.87000274658203
2022-10-26,72.16999816894531
2022-10-27,74.12000274658203
2022-10-28,76.88999938964844
2022-10-31,75.83000183105469
2022-11-01,78.08999633789062
2022-11-02,76.62999725341797
2022-11-03,77.0
2022-11-04,78.44999694824219
2022-11-07,79.5999984741211
2022-11-08,80.01000213623047
2022-11-09,79.1500015258789
2022-11-10,85.05000305175781
2022-11-11,84.0999984741211
2022-11-14,79.52999877929688
2022-11-15,80.26000213623047
2022-11-16,78.93000030517578
2022-11-17,77.88999938964844
2022-11-18,76.91000366210938
2022-11-21,77.63999938964844
2022-11-22,78.45999908447266
2022-11-23,79.0
2022-11-25,78.47000122070312
2022-11-28,77.20999908447266
2022-11-29,77.33999633789062
2022-11-30,78.38999938964844
2022-12-01,78.0
2022-12-02,75.97000122070312
2022-12-05,72.41999816894531
2022-12-06,72.25
2022-12-07,71.08000183105469
2022-12-08,70.16000366210938
2022-12-09,69.16000366210938
2022-12-12,71.0999984741211
2022-12-13,73.43000030517578
2022-12-14,72.45999908447266
2022-12-15,68.98999786376953
2022-12-16,68.13999938964844
2022-12-19,66.56999969482422
2022-12-20,67.41999816894531
2022-12-21,68.79000091552734
2022-12-22,67.2699966430664
2022-12-23,67.69000244140625
2022-12-27,66.93000030517578
2022-12-28,66.31999969482422
2022-12-29,68.66999816894531
2022-12-30,68.44000244140625
2023-01-03,68.3499984741211
2023-01-04,69.4000015258789
2023-01-05,67.45999908447266
2023-01-06,69.12999725341797
2023-01-09,71.80999755859375
2023-01-10,72.43000030517578
2023-01-11,74.05999755859375
2023-01-12,76.75
2023-01-13,77.47000122070312
2023-01-17,78.06999969482422
2023-01-18,77.97000122070312
2023-01-19,75.93000030517578
2023-01-20,78.62999725341797
2023-01-23,79.63999938964844
2023-01-24,78.55999755859375
2023-01-25,78.4000015258789
2023-01-26,81.20999908447266
2023-01-27,82.9000015258789
2023-01-30,81.18000030517578
2023-01-31,82.98999786376953
2023-02-01,84.66000366210938
2023-02-02,84.62999725341797
2023-02-03,85.02999877929688
2023-02-06,84.62000274658203
2023-02-07,85.8499984741211
2023-02-08,85.54000091552734
2023-02-09,83.37999725341797
2023-02-10,85.33999633789062
2023-02-13,84.95999908447266
2023-02-14,83.93000030517578
2023-02-15,83.6500015258789
2023-02-16,83.5
2023-02-17,83.11000061035156
2023-02-21,80.5199966430664
2023-02-22,80.83000183105469
2023-02-23,81.97000122070312
2023-02-24,80.16999816894531
2023-02-27,80.1500015258789
2023-02-28,80.62999725341797
2023-03-01,80.7300033569336
2023-03-02,81.16000366210938
2023-03-03,83.12000274658203
2023-03-06,83.7300033569336
2023-03-07,82.30999755859375
2023-03-08,83.29000091552734
2023-03-09,79.93000030517578
2023-03-10,74.51000213623047
2023-03-13,72.7300033569336
2023-03-14,75.66999816894531
2023-03-15,75.36000061035156
2023-03-16,76.2699966430664
2023-03-17,75.05000305175781
2023-03-20,74.73999786376953
2023-03-21,78.5199966430664
2023-03-22,78.98999786376953
2023-03-23,80.38999938964844
2023-03-24,80.4000015258789
2023-03-27,81.08999633789062
2023-03-28,80.0999984741211
2023-03-29,81.4000015258789
2023-03-30,81.31999969482422
2023-03-31,83.44000244140625
2023-04-03,82.2699966430664
2023-04-04,80.87000274658203
2023-04-05,79.22000122070312
2023-04-06,79.70999908447266
2023-04-10,80.54000091552734
2023-04-11,80.55000305175781
2023-04-12,81.6500015258789
2023-04-13,84.62999725341797
2023-04-14,82.86000061035156
2023-04-17,82.94999694824219
2023-04-18,85.81999969482422
2023-04-19,86.88999938964844
2023-04-20,86.26000213623047
2023-04-21,86.5999984741211
2023-04-24,86.8499984741211
2023-04-25,83.2699966430664
2023-04-26,81.62999725341797
2023-04-27,83.44999694824219
2023-04-28,87.58999633789062
2023-05-01,85.56999969482422
2023-05-02,82.45999908447266
2023-05-03,82.08999633789062
2023-05-04,79.52999877929688
2023-05-05,81.94999694824219
2023-05-08,81.95999908447266
2023-05-09,80.5
2023-05-10,81.62000274658203
2023-05-11,81.48999786376953
2023-05-12,82.0199966430664
2023-05-15,83.2699966430664
2023-05-16,81.41000366210938
2023-05-17,83.19999694824219
2023-05-18,83.11000061035156
2023-05-19,83.63999938964844
2023-05-22,85.12999725341797
2023-05-23,84.73999786376953
2023-05-24,83.37000274658203
2023-05-25,84.27999877929688
2023-05-26,85.19999694824219
2023-05-30,87.36000061035156
2023-05-31,87.08999633789062
2023-06-01,88.0
2023-06-02,89.29000091552734
2023-06-05,89.13999938964844
2023-06-06,91.44999694824219
2023-06-07,90.55999755859375
2023-06-08,91.95999908447266
2023-06-09,92.22000122070312
2023-06-12,92.91999816894531
2023-06-13,94.81999969482422
